"time_period","time_identifier","geographic_level","country_code","country_name","version","establishment_type","qualification_type","subject","grade","number_achieving"
202223,"Academic year","National","E92000001","England","Revised","All schools","GCSE","All Subjects","1","z"
202223,"Academic year","National","E92000001","England","Revised","All schools","GCSE","All Subjects","2","z"
202223,"Academic year","National","E92000001","England","Revised","All schools","GCSE","All Subjects","3","z"
202223,"Academic year","National","E92000001","England","Revised","All schools","GCSE","All Subjects","4","z"
202223,"Academic year","National","E92000001","England","Revised","All schools","GCSE","All Subjects","5","z"
202223,"Academic year","National","E92000001","England","Revised","All schools","GCSE","All Subjects","6","z"
202223,"Academic year","National","E92000001","England","Revised","All schools","GCSE","All Subjects","7","z"
202223,"Academic year","National","E92000001","England","Revised","All schools","GCSE","All Subjects","8","z"
202223,"Academic year","National","E92000001","England","Revised","All schools","GCSE","All Subjects","9","z"
202223,"Academic year","National","E92000001","England","Revised","All schools","GCSE","All Subjects","Covid impacted","z"
202223,"Academic year","National","E92000001","England","Revised","All schools","GCSE","All Subjects","Total exam entries","4736497"
202223,"Academic year","National","E92000001","England","Revised","All schools","GCSE","All Subjects","U","z"
202223,"Academic year","National","E92000001","England","Revised","All schools","GCSE","All Subjects","X","z"
202223,"Academic year","National","E92000001","England","Revised","All schools","GCSE","Ancient History","1","61"
202223,"Academic year","National","E92000001","England","Revised","All schools","GCSE","Ancient History","2","89"
202223,"Academic year","National","E92000001","England","Revised","All schools","GCSE","Ancient History","3","97"
202223,"Academic year","National","E92000001","England","Revised","All schools","GCSE","Ancient History","4","115"
202223,"Academic year","National","E92000001","England","Revised","All schools","GCSE","Ancient History","5","121"
202223,"Academic year","National","E92000001","England","Revised","All schools","GCSE","Ancient History","6","145"
202223,"Academic year","National","E92000001","England","Revised","All schools","GCSE","Ancient History","7","168"
202223,"Academic year","National","E92000001","England","Revised","All schools","GCSE","Ancient History","8","161"
202223,"Academic year","National","E92000001","England","Revised","All schools","GCSE","Ancient History","9","160"
202223,"Academic year","National","E92000001","England","Revised","All schools","GCSE","Ancient History","Covid impacted","1"
202223,"Academic year","National","E92000001","England","Revised","All schools","GCSE","Ancient History","Total exam entries","1219"
202223,"Academic year","National","E92000001","England","Revised","All schools","GCSE","Ancient History","U","95"
202223,"Academic year","National","E92000001","England","Revised","All schools","GCSE","Ancient History","X","6"
202223,"Academic year","National","E92000001","England","Revised","All schools","GCSE","Any classical study","1","184"
202223,"Academic year","National","E92000001","England","Revised","All schools","GCSE","Any classical study","2","378"
202223,"Academic year","National","E92000001","England","Revised","All schools","GCSE","Any classical study","3","696"
202223,"Academic year","National","E92000001","England","Revised","All schools","GCSE","Any classical study","4","890"
202223,"Academic year","National","E92000001","England","Revised","All schools","GCSE","Any classical study","5","1182"
202223,"Academic year","National","E92000001","England","Revised","All schools","GCSE","Any classical study","6","1753"
202223,"Academic year","National","E92000001","England","Revised","All schools","GCSE","Any classical study","7","2033"
202223,"Academic year","National","E92000001","England","Revised","All schools","GCSE","Any classical study","8","2610"
202223,"Academic year","National","E92000001","England","Revised","All schools","GCSE","Any classical study","9","4159"
202223,"Academic year","National","E92000001","England","Revised","All schools","GCSE","Any classical study","Covid impacted","95"
202223,"Academic year","National","E92000001","England","Revised","All schools","GCSE","Any classical study","Total exam entries","14132"
202223,"Academic year","National","E92000001","England","Revised","All schools","GCSE","Any classical study","U","105"
202223,"Academic year","National","E92000001","England","Revised","All schools","GCSE","Any classical study","X","47"
202223,"Academic year","National","E92000001","England","Revised","All schools","GCSE","Any design & technology","1","6451"
202223,"Academic year","National","E92000001","England","Revised","All schools","GCSE","Any design & technology","2","13794"
202223,"Academic year","National","E92000001","England","Revised","All schools","GCSE","Any design & technology","3","22796"
202223,"Academic year","National","E92000001","England","Revised","All schools","GCSE","Any design & technology","4","19496"
202223,"Academic year","National","E92000001","England","Revised","All schools","GCSE","Any design & technology","5","20079"
202223,"Academic year","National","E92000001","England","Revised","All schools","GCSE","Any design & technology","6","19164"
202223,"Academic year","National","E92000001","England","Revised","All schools","GCSE","Any design & technology","7","12351"
202223,"Academic year","National","E92000001","England","Revised","All schools","GCSE","Any design & technology","8","9067"
202223,"Academic year","National","E92000001","England","Revised","All schools","GCSE","Any design & technology","9","5502"
202223,"Academic year","National","E92000001","England","Revised","All schools","GCSE","Any design & technology","Covid impacted","88"
202223,"Academic year","National","E92000001","England","Revised","All schools","GCSE","Any design & technology","Total exam entries","131386"
202223,"Academic year","National","E92000001","England","Revised","All schools","GCSE","Any design & technology","U","2002"
202223,"Academic year","National","E92000001","England","Revised","All schools","GCSE","Any design & technology","X","596"
202223,"Academic year","National","E92000001","England","Revised","All schools","GCSE","Any modern language","1","7294"
202223,"Academic year","National","E92000001","England","Revised","All schools","GCSE","Any modern language","2","20379"
202223,"Academic year","National","E92000001","England","Revised","All schools","GCSE","Any modern language","3","49795"
202223,"Academic year","National","E92000001","England","Revised","All schools","GCSE","Any modern language","4","43821"
202223,"Academic year","National","E92000001","England","Revised","All schools","GCSE","Any modern language","5","57424"
202223,"Academic year","National","E92000001","England","Revised","All schools","GCSE","Any modern language","6","29708"
202223,"Academic year","National","E92000001","England","Revised","All schools","GCSE","Any modern language","7","34198"
202223,"Academic year","National","E92000001","England","Revised","All schools","GCSE","Any modern language","8","27875"
202223,"Academic year","National","E92000001","England","Revised","All schools","GCSE","Any modern language","9","32075"
202223,"Academic year","National","E92000001","England","Revised","All schools","GCSE","Any modern language","Covid impacted","3790"
202223,"Academic year","National","E92000001","England","Revised","All schools","GCSE","Any modern language","Total exam entries","313406"
202223,"Academic year","National","E92000001","England","Revised","All schools","GCSE","Any modern language","U","5804"
202223,"Academic year","National","E92000001","England","Revised","All schools","GCSE","Any modern language","X","1243"
202223,"Academic year","National","E92000001","England","Revised","All schools","GCSE","Any Science","1","11525"
202223,"Academic year","National","E92000001","England","Revised","All schools","GCSE","Any Science","11","10599"
202223,"Academic year","National","E92000001","England","Revised","All schools","GCSE","Any Science","2","20480"
202223,"Academic year","National","E92000001","England","Revised","All schools","GCSE","Any Science","21","15815"
202223,"Academic year","National","E92000001","England","Revised","All schools","GCSE","Any Science","22","23641"
202223,"Academic year","National","E92000001","England","Revised","All schools","GCSE","Any Science","3","42635"
202223,"Academic year","National","E92000001","England","Revised","All schools","GCSE","Any Science","32","32671"
202223,"Academic year","National","E92000001","England","Revised","All schools","GCSE","Any Science","33","42075"
202223,"Academic year","National","E92000001","England","Revised","All schools","GCSE","Any Science","4","63487"
202223,"Academic year","National","E92000001","England","Revised","All schools","GCSE","Any Science","43","51648"
202223,"Academic year","National","E92000001","England","Revised","All schools","GCSE","Any Science","44","44942"
202223,"Academic year","National","E92000001","England","Revised","All schools","GCSE","Any Science","5","97512"
202223,"Academic year","National","E92000001","England","Revised","All schools","GCSE","Any Science","54","45858"
202223,"Academic year","National","E92000001","England","Revised","All schools","GCSE","Any Science","55","49510"
202223,"Academic year","National","E92000001","England","Revised","All schools","GCSE","Any Science","6","114399"
202223,"Academic year","National","E92000001","England","Revised","All schools","GCSE","Any Science","65","26024"
202223,"Academic year","National","E92000001","England","Revised","All schools","GCSE","Any Science","66","23603"
202223,"Academic year","National","E92000001","England","Revised","All schools","GCSE","Any Science","7","91334"
202223,"Academic year","National","E92000001","England","Revised","All schools","GCSE","Any Science","76","19504"
202223,"Academic year","National","E92000001","England","Revised","All schools","GCSE","Any Science","77","12229"
202223,"Academic year","National","E92000001","England","Revised","All schools","GCSE","Any Science","8","81624"
202223,"Academic year","National","E92000001","England","Revised","All schools","GCSE","Any Science","87","9468"
202223,"Academic year","National","E92000001","England","Revised","All schools","GCSE","Any Science","88","6642"
202223,"Academic year","National","E92000001","England","Revised","All schools","GCSE","Any Science","9","73698"
202223,"Academic year","National","E92000001","England","Revised","All schools","GCSE","Any Science","98","4257"
202223,"Academic year","National","E92000001","England","Revised","All schools","GCSE","Any Science","99","4645"
202223,"Academic year","National","E92000001","England","Revised","All schools","GCSE","Any Science","Covid impacted","339"
202223,"Academic year","National","E92000001","England","Revised","All schools","GCSE","Any Science","Total exam entries","1045350"
202223,"Academic year","National","E92000001","England","Revised","All schools","GCSE","Any Science","U","18577"
202223,"Academic year","National","E92000001","England","Revised","All schools","GCSE","Any Science","X","6609"
202223,"Academic year","National","E92000001","England","Revised","All schools","GCSE","Art and Design","1","5127"
202223,"Academic year","National","E92000001","England","Revised","All schools","GCSE","Art and Design","2","12219"
202223,"Academic year","National","E92000001","England","Revised","All schools","GCSE","Art and Design","3","24731"
202223,"Academic year","National","E92000001","England","Revised","All schools","GCSE","Art and Design","4","29670"
202223,"Academic year","National","E92000001","England","Revised","All schools","GCSE","Art and Design","5","33789"
202223,"Academic year","National","E92000001","England","Revised","All schools","GCSE","Art and Design","6","31458"
202223,"Academic year","National","E92000001","England","Revised","All schools","GCSE","Art and Design","7","19928"
202223,"Academic year","National","E92000001","England","Revised","All schools","GCSE","Art and Design","8","13470"
202223,"Academic year","National","E92000001","England","Revised","All schools","GCSE","Art and Design","9","10499"
202223,"Academic year","National","E92000001","England","Revised","All schools","GCSE","Art and Design","Covid impacted","278"
202223,"Academic year","National","E92000001","England","Revised","All schools","GCSE","Art and Design","Total exam entries","183284"
202223,"Academic year","National","E92000001","England","Revised","All schools","GCSE","Art and Design","U","910"
202223,"Academic year","National","E92000001","England","Revised","All schools","GCSE","Art and Design","X","1205"
202223,"Academic year","National","E92000001","England","Revised","All schools","GCSE","Biblical Hebrew","1","17"
202223,"Academic year","National","E92000001","England","Revised","All schools","GCSE","Biblical Hebrew","2","13"
202223,"Academic year","National","E92000001","England","Revised","All schools","GCSE","Biblical Hebrew","3","24"
202223,"Academic year","National","E92000001","England","Revised","All schools","GCSE","Biblical Hebrew","4","44"
202223,"Academic year","National","E92000001","England","Revised","All schools","GCSE","Biblical Hebrew","5","60"
202223,"Academic year","National","E92000001","England","Revised","All schools","GCSE","Biblical Hebrew","6","84"
202223,"Academic year","National","E92000001","England","Revised","All schools","GCSE","Biblical Hebrew","7","98"
202223,"Academic year","National","E92000001","England","Revised","All schools","GCSE","Biblical Hebrew","8","98"
202223,"Academic year","National","E92000001","England","Revised","All schools","GCSE","Biblical Hebrew","9","104"
202223,"Academic year","National","E92000001","England","Revised","All schools","GCSE","Biblical Hebrew","Covid impacted","32"
202223,"Academic year","National","E92000001","England","Revised","All schools","GCSE","Biblical Hebrew","Total exam entries","586"
202223,"Academic year","National","E92000001","England","Revised","All schools","GCSE","Biblical Hebrew","U","6"
202223,"Academic year","National","E92000001","England","Revised","All schools","GCSE","Biblical Hebrew","X","6"
202223,"Academic year","National","E92000001","England","Revised","All schools","GCSE","Biology","1","2060"
202223,"Academic year","National","E92000001","England","Revised","All schools","GCSE","Biology","2","4088"
202223,"Academic year","National","E92000001","England","Revised","All schools","GCSE","Biology","3","9930"
202223,"Academic year","National","E92000001","England","Revised","All schools","GCSE","Biology","4","17185"
202223,"Academic year","National","E92000001","England","Revised","All schools","GCSE","Biology","5","28665"
202223,"Academic year","National","E92000001","England","Revised","All schools","GCSE","Biology","6","36339"
202223,"Academic year","National","E92000001","England","Revised","All schools","GCSE","Biology","7","28434"
202223,"Academic year","National","E92000001","England","Revised","All schools","GCSE","Biology","8","24005"
202223,"Academic year","National","E92000001","England","Revised","All schools","GCSE","Biology","9","22754"
202223,"Academic year","National","E92000001","England","Revised","All schools","GCSE","Biology","Covid impacted","107"
202223,"Academic year","National","E92000001","England","Revised","All schools","GCSE","Biology","Total exam entries","175351"
202223,"Academic year","National","E92000001","England","Revised","All schools","GCSE","Biology","U","1083"
202223,"Academic year","National","E92000001","England","Revised","All schools","GCSE","Biology","X","701"
202223,"Academic year","National","E92000001","England","Revised","All schools","GCSE","Business","1","5719"
202223,"Academic year","National","E92000001","England","Revised","All schools","GCSE","Business","2","10839"
202223,"Academic year","National","E92000001","England","Revised","All schools","GCSE","Business","3","18851"
202223,"Academic year","National","E92000001","England","Revised","All schools","GCSE","Business","4","16325"
202223,"Academic year","National","E92000001","England","Revised","All schools","GCSE","Business","5","18071"
202223,"Academic year","National","E92000001","England","Revised","All schools","GCSE","Business","6","18742"
202223,"Academic year","National","E92000001","England","Revised","All schools","GCSE","Business","7","10416"
202223,"Academic year","National","E92000001","England","Revised","All schools","GCSE","Business","8","7731"
202223,"Academic year","National","E92000001","England","Revised","All schools","GCSE","Business","9","4496"
202223,"Academic year","National","E92000001","England","Revised","All schools","GCSE","Business","Covid impacted","131"
202223,"Academic year","National","E92000001","England","Revised","All schools","GCSE","Business","Total exam entries","113578"
202223,"Academic year","National","E92000001","England","Revised","All schools","GCSE","Business","U","1477"
202223,"Academic year","National","E92000001","England","Revised","All schools","GCSE","Business","X","780"
202223,"Academic year","National","E92000001","England","Revised","All schools","GCSE","Chemistry","1","1724"
202223,"Academic year","National","E92000001","England","Revised","All schools","GCSE","Chemistry","2","4058"
202223,"Academic year","National","E92000001","England","Revised","All schools","GCSE","Chemistry","3","9926"
202223,"Academic year","National","E92000001","England","Revised","All schools","GCSE","Chemistry","4","17813"
202223,"Academic year","National","E92000001","England","Revised","All schools","GCSE","Chemistry","5","28144"
202223,"Academic year","National","E92000001","England","Revised","All schools","GCSE","Chemistry","6","32059"
202223,"Academic year","National","E92000001","England","Revised","All schools","GCSE","Chemistry","7","27227"
202223,"Academic year","National","E92000001","England","Revised","All schools","GCSE","Chemistry","8","24850"
202223,"Academic year","National","E92000001","England","Revised","All schools","GCSE","Chemistry","9","22961"
202223,"Academic year","National","E92000001","England","Revised","All schools","GCSE","Chemistry","Covid impacted","76"
202223,"Academic year","National","E92000001","England","Revised","All schools","GCSE","Chemistry","Total exam entries","170579"
202223,"Academic year","National","E92000001","England","Revised","All schools","GCSE","Chemistry","U","1244"
202223,"Academic year","National","E92000001","England","Revised","All schools","GCSE","Chemistry","X","497"
202223,"Academic year","National","E92000001","England","Revised","All schools","GCSE","Classical Civilisation","1","84"
202223,"Academic year","National","E92000001","England","Revised","All schools","GCSE","Classical Civilisation","2","194"
202223,"Academic year","National","E92000001","England","Revised","All schools","GCSE","Classical Civilisation","3","384"
202223,"Academic year","National","E92000001","England","Revised","All schools","GCSE","Classical Civilisation","4","458"
202223,"Academic year","National","E92000001","England","Revised","All schools","GCSE","Classical Civilisation","5","587"
202223,"Academic year","National","E92000001","England","Revised","All schools","GCSE","Classical Civilisation","6","834"
202223,"Academic year","National","E92000001","England","Revised","All schools","GCSE","Classical Civilisation","7","677"
202223,"Academic year","National","E92000001","England","Revised","All schools","GCSE","Classical Civilisation","8","559"
202223,"Academic year","National","E92000001","England","Revised","All schools","GCSE","Classical Civilisation","9","465"
202223,"Academic year","National","E92000001","England","Revised","All schools","GCSE","Classical Civilisation","Covid impacted","1"
202223,"Academic year","National","E92000001","England","Revised","All schools","GCSE","Classical Civilisation","Total exam entries","4304"
202223,"Academic year","National","E92000001","England","Revised","All schools","GCSE","Classical Civilisation","U","42"
202223,"Academic year","National","E92000001","England","Revised","All schools","GCSE","Classical Civilisation","X","19"
202223,"Academic year","National","E92000001","England","Revised","All schools","GCSE","Classical Greek","1","4"
202223,"Academic year","National","E92000001","England","Revised","All schools","GCSE","Classical Greek","2","5"
202223,"Academic year","National","E92000001","England","Revised","All schools","GCSE","Classical Greek","3","21"
202223,"Academic year","National","E92000001","England","Revised","All schools","GCSE","Classical Greek","4","16"
202223,"Academic year","National","E92000001","England","Revised","All schools","GCSE","Classical Greek","5","18"
202223,"Academic year","National","E92000001","England","Revised","All schools","GCSE","Classical Greek","6","14"
202223,"Academic year","National","E92000001","England","Revised","All schools","GCSE","Classical Greek","7","102"
202223,"Academic year","National","E92000001","England","Revised","All schools","GCSE","Classical Greek","8","209"
202223,"Academic year","National","E92000001","England","Revised","All schools","GCSE","Classical Greek","9","517"
202223,"Academic year","National","E92000001","England","Revised","All schools","GCSE","Classical Greek","Covid impacted","1"
202223,"Academic year","National","E92000001","England","Revised","All schools","GCSE","Classical Greek","Total exam entries","915"
202223,"Academic year","National","E92000001","England","Revised","All schools","GCSE","Classical Greek","U","2"
202223,"Academic year","National","E92000001","England","Revised","All schools","GCSE","Classical Greek","X","6"
202223,"Academic year","National","E92000001","England","Revised","All schools","GCSE","Combined Science","1","0"
202223,"Academic year","National","E92000001","England","Revised","All schools","GCSE","Combined Science","11","10599"
202223,"Academic year","National","E92000001","England","Revised","All schools","GCSE","Combined Science","2","0"
202223,"Academic year","National","E92000001","England","Revised","All schools","GCSE","Combined Science","21","15815"
202223,"Academic year","National","E92000001","England","Revised","All schools","GCSE","Combined Science","22","23641"
202223,"Academic year","National","E92000001","England","Revised","All schools","GCSE","Combined Science","3","0"
202223,"Academic year","National","E92000001","England","Revised","All schools","GCSE","Combined Science","32","32671"
202223,"Academic year","National","E92000001","England","Revised","All schools","GCSE","Combined Science","33","42075"
202223,"Academic year","National","E92000001","England","Revised","All schools","GCSE","Combined Science","4","0"
202223,"Academic year","National","E92000001","England","Revised","All schools","GCSE","Combined Science","43","51648"
202223,"Academic year","National","E92000001","England","Revised","All schools","GCSE","Combined Science","44","44942"
202223,"Academic year","National","E92000001","England","Revised","All schools","GCSE","Combined Science","5","0"
202223,"Academic year","National","E92000001","England","Revised","All schools","GCSE","Combined Science","54","45858"
202223,"Academic year","National","E92000001","England","Revised","All schools","GCSE","Combined Science","55","49510"
202223,"Academic year","National","E92000001","England","Revised","All schools","GCSE","Combined Science","6","0"
202223,"Academic year","National","E92000001","England","Revised","All schools","GCSE","Combined Science","65","26024"
202223,"Academic year","National","E92000001","England","Revised","All schools","GCSE","Combined Science","66","23603"
202223,"Academic year","National","E92000001","England","Revised","All schools","GCSE","Combined Science","7","0"
202223,"Academic year","National","E92000001","England","Revised","All schools","GCSE","Combined Science","76","19504"
202223,"Academic year","National","E92000001","England","Revised","All schools","GCSE","Combined Science","77","12229"
202223,"Academic year","National","E92000001","England","Revised","All schools","GCSE","Combined Science","8","0"
202223,"Academic year","National","E92000001","England","Revised","All schools","GCSE","Combined Science","87","9468"
202223,"Academic year","National","E92000001","England","Revised","All schools","GCSE","Combined Science","88","6642"
202223,"Academic year","National","E92000001","England","Revised","All schools","GCSE","Combined Science","9","0"
202223,"Academic year","National","E92000001","England","Revised","All schools","GCSE","Combined Science","98","4257"
202223,"Academic year","National","E92000001","England","Revised","All schools","GCSE","Combined Science","99","4645"
202223,"Academic year","National","E92000001","England","Revised","All schools","GCSE","Combined Science","Covid impacted","6"
202223,"Academic year","National","E92000001","England","Revised","All schools","GCSE","Combined Science","Total exam entries","439044"
202223,"Academic year","National","E92000001","England","Revised","All schools","GCSE","Combined Science","U","11609"
202223,"Academic year","National","E92000001","England","Revised","All schools","GCSE","Combined Science","X","4298"
202223,"Academic year","National","E92000001","England","Revised","All schools","GCSE","Computer Science","1","6840"
202223,"Academic year","National","E92000001","England","Revised","All schools","GCSE","Computer Science","2","9515"
202223,"Academic year","National","E92000001","England","Revised","All schools","GCSE","Computer Science","3","11488"
202223,"Academic year","National","E92000001","England","Revised","All schools","GCSE","Computer Science","4","11301"
202223,"Academic year","National","E92000001","England","Revised","All schools","GCSE","Computer Science","5","11746"
202223,"Academic year","National","E92000001","England","Revised","All schools","GCSE","Computer Science","6","11945"
202223,"Academic year","National","E92000001","England","Revised","All schools","GCSE","Computer Science","7","8952"
202223,"Academic year","National","E92000001","England","Revised","All schools","GCSE","Computer Science","8","7846"
202223,"Academic year","National","E92000001","England","Revised","All schools","GCSE","Computer Science","9","4815"
202223,"Academic year","National","E92000001","England","Revised","All schools","GCSE","Computer Science","Covid impacted","67"
202223,"Academic year","National","E92000001","England","Revised","All schools","GCSE","Computer Science","Total exam entries","87932"
202223,"Academic year","National","E92000001","England","Revised","All schools","GCSE","Computer Science","U","2803"
202223,"Academic year","National","E92000001","England","Revised","All schools","GCSE","Computer Science","X","614"
202223,"Academic year","National","E92000001","England","Revised","All schools","GCSE","Dance","1","170"
202223,"Academic year","National","E92000001","England","Revised","All schools","GCSE","Dance","2","478"
202223,"Academic year","National","E92000001","England","Revised","All schools","GCSE","Dance","3","1014"
202223,"Academic year","National","E92000001","England","Revised","All schools","GCSE","Dance","4","963"
202223,"Academic year","National","E92000001","England","Revised","All schools","GCSE","Dance","5","1134"
202223,"Academic year","National","E92000001","England","Revised","All schools","GCSE","Dance","6","1160"
202223,"Academic year","National","E92000001","England","Revised","All schools","GCSE","Dance","7","808"
202223,"Academic year","National","E92000001","England","Revised","All schools","GCSE","Dance","8","620"
202223,"Academic year","National","E92000001","England","Revised","All schools","GCSE","Dance","9","374"
202223,"Academic year","National","E92000001","England","Revised","All schools","GCSE","Dance","Covid impacted","41"
202223,"Academic year","National","E92000001","England","Revised","All schools","GCSE","Dance","Total exam entries","6890"
202223,"Academic year","National","E92000001","England","Revised","All schools","GCSE","Dance","U","84"
202223,"Academic year","National","E92000001","England","Revised","All schools","GCSE","Dance","X","44"
202223,"Academic year","National","E92000001","England","Revised","All schools","GCSE","Design & Technology","1","4518"
202223,"Academic year","National","E92000001","England","Revised","All schools","GCSE","Design & Technology","2","8269"
202223,"Academic year","National","E92000001","England","Revised","All schools","GCSE","Design & Technology","3","12929"
202223,"Academic year","National","E92000001","England","Revised","All schools","GCSE","Design & Technology","4","11132"
202223,"Academic year","National","E92000001","England","Revised","All schools","GCSE","Design & Technology","5","11564"
202223,"Academic year","National","E92000001","England","Revised","All schools","GCSE","Design & Technology","6","11453"
202223,"Academic year","National","E92000001","England","Revised","All schools","GCSE","Design & Technology","7","7590"
202223,"Academic year","National","E92000001","England","Revised","All schools","GCSE","Design & Technology","8","5581"
202223,"Academic year","National","E92000001","England","Revised","All schools","GCSE","Design & Technology","9","3464"
202223,"Academic year","National","E92000001","England","Revised","All schools","GCSE","Design & Technology","Covid impacted","48"
202223,"Academic year","National","E92000001","England","Revised","All schools","GCSE","Design & Technology","Total exam entries","78339"
202223,"Academic year","National","E92000001","England","Revised","All schools","GCSE","Design & Technology","U","1518"
202223,"Academic year","National","E92000001","England","Revised","All schools","GCSE","Design & Technology","X","273"
202223,"Academic year","National","E92000001","England","Revised","All schools","GCSE","Drama","1","1049"
202223,"Academic year","National","E92000001","England","Revised","All schools","GCSE","Drama","2","2995"
202223,"Academic year","National","E92000001","England","Revised","All schools","GCSE","Drama","3","7352"
202223,"Academic year","National","E92000001","England","Revised","All schools","GCSE","Drama","4","6634"
202223,"Academic year","National","E92000001","England","Revised","All schools","GCSE","Drama","5","8481"
202223,"Academic year","National","E92000001","England","Revised","All schools","GCSE","Drama","6","9593"
202223,"Academic year","National","E92000001","England","Revised","All schools","GCSE","Drama","7","5457"
202223,"Academic year","National","E92000001","England","Revised","All schools","GCSE","Drama","8","4462"
202223,"Academic year","National","E92000001","England","Revised","All schools","GCSE","Drama","9","3088"
202223,"Academic year","National","E92000001","England","Revised","All schools","GCSE","Drama","Covid impacted","38"
202223,"Academic year","National","E92000001","England","Revised","All schools","GCSE","Drama","Total exam entries","49568"
202223,"Academic year","National","E92000001","England","Revised","All schools","GCSE","Drama","U","327"
202223,"Academic year","National","E92000001","England","Revised","All schools","GCSE","Drama","X","92"
202223,"Academic year","National","E92000001","England","Revised","All schools","GCSE","Economics","1","182"
202223,"Academic year","National","E92000001","England","Revised","All schools","GCSE","Economics","2","374"
202223,"Academic year","National","E92000001","England","Revised","All schools","GCSE","Economics","3","774"
202223,"Academic year","National","E92000001","England","Revised","All schools","GCSE","Economics","4","893"
202223,"Academic year","National","E92000001","England","Revised","All schools","GCSE","Economics","5","1096"
202223,"Academic year","National","E92000001","England","Revised","All schools","GCSE","Economics","6","1417"
202223,"Academic year","National","E92000001","England","Revised","All schools","GCSE","Economics","7","973"
202223,"Academic year","National","E92000001","England","Revised","All schools","GCSE","Economics","8","789"
202223,"Academic year","National","E92000001","England","Revised","All schools","GCSE","Economics","9","599"
202223,"Academic year","National","E92000001","England","Revised","All schools","GCSE","Economics","Covid impacted","4"
202223,"Academic year","National","E92000001","England","Revised","All schools","GCSE","Economics","Total exam entries","7170"
202223,"Academic year","National","E92000001","England","Revised","All schools","GCSE","Economics","U","52"
202223,"Academic year","National","E92000001","England","Revised","All schools","GCSE","Economics","X","17"
202223,"Academic year","National","E92000001","England","Revised","All schools","GCSE","Engineering","1","185"
202223,"Academic year","National","E92000001","England","Revised","All schools","GCSE","Engineering","2","311"
202223,"Academic year","National","E92000001","England","Revised","All schools","GCSE","Engineering","3","517"
202223,"Academic year","National","E92000001","England","Revised","All schools","GCSE","Engineering","4","287"
202223,"Academic year","National","E92000001","England","Revised","All schools","GCSE","Engineering","5","361"
202223,"Academic year","National","E92000001","England","Revised","All schools","GCSE","Engineering","6","364"
202223,"Academic year","National","E92000001","England","Revised","All schools","GCSE","Engineering","7","172"
202223,"Academic year","National","E92000001","England","Revised","All schools","GCSE","Engineering","8","158"
202223,"Academic year","National","E92000001","England","Revised","All schools","GCSE","Engineering","9","64"
202223,"Academic year","National","E92000001","England","Revised","All schools","GCSE","Engineering","Covid impacted","0"
202223,"Academic year","National","E92000001","England","Revised","All schools","GCSE","Engineering","Total exam entries","2497"
202223,"Academic year","National","E92000001","England","Revised","All schools","GCSE","Engineering","U","66"
202223,"Academic year","National","E92000001","England","Revised","All schools","GCSE","Engineering","X","12"
202223,"Academic year","National","E92000001","England","Revised","All schools","GCSE","English & mathematics","1","z"
202223,"Academic year","National","E92000001","England","Revised","All schools","GCSE","English & mathematics","2","z"
202223,"Academic year","National","E92000001","England","Revised","All schools","GCSE","English & mathematics","3","z"
202223,"Academic year","National","E92000001","England","Revised","All schools","GCSE","English & mathematics","4","z"
202223,"Academic year","National","E92000001","England","Revised","All schools","GCSE","English & mathematics","5","z"
202223,"Academic year","National","E92000001","England","Revised","All schools","GCSE","English & mathematics","6","z"
202223,"Academic year","National","E92000001","England","Revised","All schools","GCSE","English & mathematics","7","z"
202223,"Academic year","National","E92000001","England","Revised","All schools","GCSE","English & mathematics","8","z"
202223,"Academic year","National","E92000001","England","Revised","All schools","GCSE","English & mathematics","9","z"
202223,"Academic year","National","E92000001","England","Revised","All schools","GCSE","English & mathematics","Covid impacted","z"
202223,"Academic year","National","E92000001","England","Revised","All schools","GCSE","English & mathematics","Total exam entries","609029"
202223,"Academic year","National","E92000001","England","Revised","All schools","GCSE","English & mathematics","U","z"
202223,"Academic year","National","E92000001","England","Revised","All schools","GCSE","English & mathematics","X","z"
202223,"Academic year","National","E92000001","England","Revised","All schools","GCSE","English Language","1","18278"
202223,"Academic year","National","E92000001","England","Revised","All schools","GCSE","English Language","2","39766"
202223,"Academic year","National","E92000001","England","Revised","All schools","GCSE","English Language","3","104119"
202223,"Academic year","National","E92000001","England","Revised","All schools","GCSE","English Language","4","101531"
202223,"Academic year","National","E92000001","England","Revised","All schools","GCSE","English Language","5","115396"
202223,"Academic year","National","E92000001","England","Revised","All schools","GCSE","English Language","6","107410"
202223,"Academic year","National","E92000001","England","Revised","All schools","GCSE","English Language","7","61227"
202223,"Academic year","National","E92000001","England","Revised","All schools","GCSE","English Language","8","36631"
202223,"Academic year","National","E92000001","England","Revised","All schools","GCSE","English Language","9","19093"
202223,"Academic year","National","E92000001","England","Revised","All schools","GCSE","English Language","Covid impacted","28"
202223,"Academic year","National","E92000001","England","Revised","All schools","GCSE","English Language","Total exam entries","620864"
202223,"Academic year","National","E92000001","England","Revised","All schools","GCSE","English Language","U","9700"
202223,"Academic year","National","E92000001","England","Revised","All schools","GCSE","English Language","X","7685"
202223,"Academic year","National","E92000001","England","Revised","All schools","GCSE","English Literature","1","25765"
202223,"Academic year","National","E92000001","England","Revised","All schools","GCSE","English Literature","2","45460"
202223,"Academic year","National","E92000001","England","Revised","All schools","GCSE","English Literature","3","71096"
202223,"Academic year","National","E92000001","England","Revised","All schools","GCSE","English Literature","4","97123"
202223,"Academic year","National","E92000001","England","Revised","All schools","GCSE","English Literature","5","118390"
202223,"Academic year","National","E92000001","England","Revised","All schools","GCSE","English Literature","6","102792"
202223,"Academic year","National","E92000001","England","Revised","All schools","GCSE","English Literature","7","63403"
202223,"Academic year","National","E92000001","England","Revised","All schools","GCSE","English Literature","8","38615"
202223,"Academic year","National","E92000001","England","Revised","All schools","GCSE","English Literature","9","22568"
202223,"Academic year","National","E92000001","England","Revised","All schools","GCSE","English Literature","Covid impacted","25"
202223,"Academic year","National","E92000001","England","Revised","All schools","GCSE","English Literature","Total exam entries","602204"
202223,"Academic year","National","E92000001","England","Revised","All schools","GCSE","English Literature","U","11544"
202223,"Academic year","National","E92000001","England","Revised","All schools","GCSE","English Literature","X","5423"
202223,"Academic year","National","E92000001","England","Revised","All schools","GCSE","English, mathematics & science","1","z"
202223,"Academic year","National","E92000001","England","Revised","All schools","GCSE","English, mathematics & science","2","z"
202223,"Academic year","National","E92000001","England","Revised","All schools","GCSE","English, mathematics & science","3","z"
202223,"Academic year","National","E92000001","England","Revised","All schools","GCSE","English, mathematics & science","4","z"
202223,"Academic year","National","E92000001","England","Revised","All schools","GCSE","English, mathematics & science","5","z"
202223,"Academic year","National","E92000001","England","Revised","All schools","GCSE","English, mathematics & science","6","z"
202223,"Academic year","National","E92000001","England","Revised","All schools","GCSE","English, mathematics & science","7","z"
202223,"Academic year","National","E92000001","England","Revised","All schools","GCSE","English, mathematics & science","8","z"
202223,"Academic year","National","E92000001","England","Revised","All schools","GCSE","English, mathematics & science","9","z"
202223,"Academic year","National","E92000001","England","Revised","All schools","GCSE","English, mathematics & science","Covid impacted","z"
202223,"Academic year","National","E92000001","England","Revised","All schools","GCSE","English, mathematics & science","Total exam entries","597715"
202223,"Academic year","National","E92000001","England","Revised","All schools","GCSE","English, mathematics & science","U","z"
202223,"Academic year","National","E92000001","England","Revised","All schools","GCSE","English, mathematics & science","X","z"
202223,"Academic year","National","E92000001","England","Revised","All schools","GCSE","Film Studies","1","297"
202223,"Academic year","National","E92000001","England","Revised","All schools","GCSE","Film Studies","2","507"
202223,"Academic year","National","E92000001","England","Revised","All schools","GCSE","Film Studies","3","840"
202223,"Academic year","National","E92000001","England","Revised","All schools","GCSE","Film Studies","4","674"
202223,"Academic year","National","E92000001","England","Revised","All schools","GCSE","Film Studies","5","793"
202223,"Academic year","National","E92000001","England","Revised","All schools","GCSE","Film Studies","6","831"
202223,"Academic year","National","E92000001","England","Revised","All schools","GCSE","Film Studies","7","467"
202223,"Academic year","National","E92000001","England","Revised","All schools","GCSE","Film Studies","8","345"
202223,"Academic year","National","E92000001","England","Revised","All schools","GCSE","Film Studies","9","198"
202223,"Academic year","National","E92000001","England","Revised","All schools","GCSE","Film Studies","Covid impacted","30"
202223,"Academic year","National","E92000001","England","Revised","All schools","GCSE","Film Studies","Total exam entries","5161"
202223,"Academic year","National","E92000001","England","Revised","All schools","GCSE","Film Studies","U","153"
202223,"Academic year","National","E92000001","England","Revised","All schools","GCSE","Film Studies","X","26"
202223,"Academic year","National","E92000001","England","Revised","All schools","GCSE","Food Preparation & Nutrition","1","1933"
202223,"Academic year","National","E92000001","England","Revised","All schools","GCSE","Food Preparation & Nutrition","2","5525"
202223,"Academic year","National","E92000001","England","Revised","All schools","GCSE","Food Preparation & Nutrition","3","9867"
202223,"Academic year","National","E92000001","England","Revised","All schools","GCSE","Food Preparation & Nutrition","4","8364"
202223,"Academic year","National","E92000001","England","Revised","All schools","GCSE","Food Preparation & Nutrition","5","8515"
202223,"Academic year","National","E92000001","England","Revised","All schools","GCSE","Food Preparation & Nutrition","6","7711"
202223,"Academic year","National","E92000001","England","Revised","All schools","GCSE","Food Preparation & Nutrition","7","4761"
202223,"Academic year","National","E92000001","England","Revised","All schools","GCSE","Food Preparation & Nutrition","8","3486"
202223,"Academic year","National","E92000001","England","Revised","All schools","GCSE","Food Preparation & Nutrition","9","2038"
202223,"Academic year","National","E92000001","England","Revised","All schools","GCSE","Food Preparation & Nutrition","Covid impacted","40"
202223,"Academic year","National","E92000001","England","Revised","All schools","GCSE","Food Preparation & Nutrition","Total exam entries","53047"
202223,"Academic year","National","E92000001","England","Revised","All schools","GCSE","Food Preparation & Nutrition","U","484"
202223,"Academic year","National","E92000001","England","Revised","All schools","GCSE","Food Preparation & Nutrition","X","323"
202223,"Academic year","National","E92000001","England","Revised","All schools","GCSE","French","1","3160"
202223,"Academic year","National","E92000001","England","Revised","All schools","GCSE","French","2","8966"
202223,"Academic year","National","E92000001","England","Revised","All schools","GCSE","French","3","22064"
202223,"Academic year","National","E92000001","England","Revised","All schools","GCSE","French","4","18978"
202223,"Academic year","National","E92000001","England","Revised","All schools","GCSE","French","5","25215"
202223,"Academic year","National","E92000001","England","Revised","All schools","GCSE","French","6","11412"
202223,"Academic year","National","E92000001","England","Revised","All schools","GCSE","French","7","13087"
202223,"Academic year","National","E92000001","England","Revised","All schools","GCSE","French","8","9218"
202223,"Academic year","National","E92000001","England","Revised","All schools","GCSE","French","9","9872"
202223,"Academic year","National","E92000001","England","Revised","All schools","GCSE","French","Covid impacted","814"
202223,"Academic year","National","E92000001","England","Revised","All schools","GCSE","French","Total exam entries","125447"
202223,"Academic year","National","E92000001","England","Revised","All schools","GCSE","French","U","2243"
202223,"Academic year","National","E92000001","England","Revised","All schools","GCSE","French","X","418"
202223,"Academic year","National","E92000001","England","Revised","All schools","GCSE","Geography","1","18648"
202223,"Academic year","National","E92000001","England","Revised","All schools","GCSE","Geography","2","30221"
202223,"Academic year","National","E92000001","England","Revised","All schools","GCSE","Geography","3","43320"
202223,"Academic year","National","E92000001","England","Revised","All schools","GCSE","Geography","4","35958"
202223,"Academic year","National","E92000001","England","Revised","All schools","GCSE","Geography","5","38548"
202223,"Academic year","National","E92000001","England","Revised","All schools","GCSE","Geography","6","37751"
202223,"Academic year","National","E92000001","England","Revised","All schools","GCSE","Geography","7","32340"
202223,"Academic year","National","E92000001","England","Revised","All schools","GCSE","Geography","8","22494"
202223,"Academic year","National","E92000001","England","Revised","All schools","GCSE","Geography","9","14273"
202223,"Academic year","National","E92000001","England","Revised","All schools","GCSE","Geography","Covid impacted","111"
202223,"Academic year","National","E92000001","England","Revised","All schools","GCSE","Geography","Total exam entries","281275"
202223,"Academic year","National","E92000001","England","Revised","All schools","GCSE","Geography","U","5342"
202223,"Academic year","National","E92000001","England","Revised","All schools","GCSE","Geography","X","2269"
202223,"Academic year","National","E92000001","England","Revised","All schools","GCSE","German","1","709"
202223,"Academic year","National","E92000001","England","Revised","All schools","GCSE","German","2","1848"
202223,"Academic year","National","E92000001","England","Revised","All schools","GCSE","German","3","4757"
202223,"Academic year","National","E92000001","England","Revised","All schools","GCSE","German","4","5282"
202223,"Academic year","National","E92000001","England","Revised","All schools","GCSE","German","5","7003"
202223,"Academic year","National","E92000001","England","Revised","All schools","GCSE","German","6","4225"
202223,"Academic year","National","E92000001","England","Revised","All schools","GCSE","German","7","3339"
202223,"Academic year","National","E92000001","England","Revised","All schools","GCSE","German","8","2722"
202223,"Academic year","National","E92000001","England","Revised","All schools","GCSE","German","9","3000"
202223,"Academic year","National","E92000001","England","Revised","All schools","GCSE","German","Covid impacted","243"
202223,"Academic year","National","E92000001","England","Revised","All schools","GCSE","German","Total exam entries","33570"
202223,"Academic year","National","E92000001","England","Revised","All schools","GCSE","German","U","386"
202223,"Academic year","National","E92000001","England","Revised","All schools","GCSE","German","X","56"
202223,"Academic year","National","E92000001","England","Revised","All schools","GCSE","History","1","22475"
202223,"Academic year","National","E92000001","England","Revised","All schools","GCSE","History","2","32294"
202223,"Academic year","National","E92000001","England","Revised","All schools","GCSE","History","3","41721"
202223,"Academic year","National","E92000001","England","Revised","All schools","GCSE","History","4","34362"
202223,"Academic year","National","E92000001","England","Revised","All schools","GCSE","History","5","38244"
202223,"Academic year","National","E92000001","England","Revised","All schools","GCSE","History","6","38905"
202223,"Academic year","National","E92000001","England","Revised","All schools","GCSE","History","7","33127"
202223,"Academic year","National","E92000001","England","Revised","All schools","GCSE","History","8","25240"
202223,"Academic year","National","E92000001","England","Revised","All schools","GCSE","History","9","16402"
202223,"Academic year","National","E92000001","England","Revised","All schools","GCSE","History","Covid impacted","106"
202223,"Academic year","National","E92000001","England","Revised","All schools","GCSE","History","Total exam entries","295447"
202223,"Academic year","National","E92000001","England","Revised","All schools","GCSE","History","U","9783"
202223,"Academic year","National","E92000001","England","Revised","All schools","GCSE","History","X","2788"
202223,"Academic year","National","E92000001","England","Revised","All schools","GCSE","Latin","1","79"
202223,"Academic year","National","E92000001","England","Revised","All schools","GCSE","Latin","2","166"
202223,"Academic year","National","E92000001","England","Revised","All schools","GCSE","Latin","3","267"
202223,"Academic year","National","E92000001","England","Revised","All schools","GCSE","Latin","4","372"
202223,"Academic year","National","E92000001","England","Revised","All schools","GCSE","Latin","5","517"
202223,"Academic year","National","E92000001","England","Revised","All schools","GCSE","Latin","6","821"
202223,"Academic year","National","E92000001","England","Revised","All schools","GCSE","Latin","7","1156"
202223,"Academic year","National","E92000001","England","Revised","All schools","GCSE","Latin","8","1744"
202223,"Academic year","National","E92000001","England","Revised","All schools","GCSE","Latin","9","3073"
202223,"Academic year","National","E92000001","England","Revised","All schools","GCSE","Latin","Covid impacted","61"
202223,"Academic year","National","E92000001","England","Revised","All schools","GCSE","Latin","Total exam entries","8327"
202223,"Academic year","National","E92000001","England","Revised","All schools","GCSE","Latin","U","55"
202223,"Academic year","National","E92000001","England","Revised","All schools","GCSE","Latin","X","16"
202223,"Academic year","National","E92000001","England","Revised","All schools","GCSE","Mathematics","1","32593"
202223,"Academic year","National","E92000001","England","Revised","All schools","GCSE","Mathematics","2","50160"
202223,"Academic year","National","E92000001","England","Revised","All schools","GCSE","Mathematics","3","73048"
202223,"Academic year","National","E92000001","England","Revised","All schools","GCSE","Mathematics","4","120736"
202223,"Academic year","National","E92000001","England","Revised","All schools","GCSE","Mathematics","5","115683"
202223,"Academic year","National","E92000001","England","Revised","All schools","GCSE","Mathematics","6","75319"
202223,"Academic year","National","E92000001","England","Revised","All schools","GCSE","Mathematics","7","57626"
202223,"Academic year","National","E92000001","England","Revised","All schools","GCSE","Mathematics","8","46954"
202223,"Academic year","National","E92000001","England","Revised","All schools","GCSE","Mathematics","9","25667"
202223,"Academic year","National","E92000001","England","Revised","All schools","GCSE","Mathematics","Covid impacted","116"
202223,"Academic year","National","E92000001","England","Revised","All schools","GCSE","Mathematics","Total exam entries","614657"
202223,"Academic year","National","E92000001","England","Revised","All schools","GCSE","Mathematics","U","11061"
202223,"Academic year","National","E92000001","England","Revised","All schools","GCSE","Mathematics","X","5694"
202223,"Academic year","National","E92000001","England","Revised","All schools","GCSE","Mathematics & science","1","z"
202223,"Academic year","National","E92000001","England","Revised","All schools","GCSE","Mathematics & science","2","z"
202223,"Academic year","National","E92000001","England","Revised","All schools","GCSE","Mathematics & science","3","z"
202223,"Academic year","National","E92000001","England","Revised","All schools","GCSE","Mathematics & science","4","z"
202223,"Academic year","National","E92000001","England","Revised","All schools","GCSE","Mathematics & science","5","z"
202223,"Academic year","National","E92000001","England","Revised","All schools","GCSE","Mathematics & science","6","z"
202223,"Academic year","National","E92000001","England","Revised","All schools","GCSE","Mathematics & science","7","z"
202223,"Academic year","National","E92000001","England","Revised","All schools","GCSE","Mathematics & science","8","z"
202223,"Academic year","National","E92000001","England","Revised","All schools","GCSE","Mathematics & science","9","z"
202223,"Academic year","National","E92000001","England","Revised","All schools","GCSE","Mathematics & science","Covid impacted","z"
202223,"Academic year","National","E92000001","England","Revised","All schools","GCSE","Mathematics & science","Total exam entries","600963"
202223,"Academic year","National","E92000001","England","Revised","All schools","GCSE","Mathematics & science","U","z"
202223,"Academic year","National","E92000001","England","Revised","All schools","GCSE","Mathematics & science","X","z"
202223,"Academic year","National","E92000001","England","Revised","All schools","GCSE","Media/Film/TV","1","1002"
202223,"Academic year","National","E92000001","England","Revised","All schools","GCSE","Media/Film/TV","2","2252"
202223,"Academic year","National","E92000001","England","Revised","All schools","GCSE","Media/Film/TV","3","4512"
202223,"Academic year","National","E92000001","England","Revised","All schools","GCSE","Media/Film/TV","4","4199"
202223,"Academic year","National","E92000001","England","Revised","All schools","GCSE","Media/Film/TV","5","4672"
202223,"Academic year","National","E92000001","England","Revised","All schools","GCSE","Media/Film/TV","6","4557"
202223,"Academic year","National","E92000001","England","Revised","All schools","GCSE","Media/Film/TV","7","2571"
202223,"Academic year","National","E92000001","England","Revised","All schools","GCSE","Media/Film/TV","8","1715"
202223,"Academic year","National","E92000001","England","Revised","All schools","GCSE","Media/Film/TV","9","1000"
202223,"Academic year","National","E92000001","England","Revised","All schools","GCSE","Media/Film/TV","Covid impacted","8"
202223,"Academic year","National","E92000001","England","Revised","All schools","GCSE","Media/Film/TV","Total exam entries","26988"
202223,"Academic year","National","E92000001","England","Revised","All schools","GCSE","Media/Film/TV","U","401"
202223,"Academic year","National","E92000001","England","Revised","All schools","GCSE","Media/Film/TV","X","99"
202223,"Academic year","National","E92000001","England","Revised","All schools","GCSE","Music","1","679"
202223,"Academic year","National","E92000001","England","Revised","All schools","GCSE","Music","2","1923"
202223,"Academic year","National","E92000001","England","Revised","All schools","GCSE","Music","3","3949"
202223,"Academic year","National","E92000001","England","Revised","All schools","GCSE","Music","4","3383"
202223,"Academic year","National","E92000001","England","Revised","All schools","GCSE","Music","5","4201"
202223,"Academic year","National","E92000001","England","Revised","All schools","GCSE","Music","6","5140"
202223,"Academic year","National","E92000001","England","Revised","All schools","GCSE","Music","7","3910"
202223,"Academic year","National","E92000001","England","Revised","All schools","GCSE","Music","8","3266"
202223,"Academic year","National","E92000001","England","Revised","All schools","GCSE","Music","9","2860"
202223,"Academic year","National","E92000001","England","Revised","All schools","GCSE","Music","Covid impacted","47"
202223,"Academic year","National","E92000001","England","Revised","All schools","GCSE","Music","Total exam entries","29870"
202223,"Academic year","National","E92000001","England","Revised","All schools","GCSE","Music","U","432"
202223,"Academic year","National","E92000001","England","Revised","All schools","GCSE","Music","X","80"
202223,"Academic year","National","E92000001","England","Revised","All schools","GCSE","Other Modern Languages","1","287"
202223,"Academic year","National","E92000001","England","Revised","All schools","GCSE","Other Modern Languages","2","567"
202223,"Academic year","National","E92000001","England","Revised","All schools","GCSE","Other Modern Languages","3","1199"
202223,"Academic year","National","E92000001","England","Revised","All schools","GCSE","Other Modern Languages","4","1627"
202223,"Academic year","National","E92000001","England","Revised","All schools","GCSE","Other Modern Languages","5","3284"
202223,"Academic year","National","E92000001","England","Revised","All schools","GCSE","Other Modern Languages","6","2641"
202223,"Academic year","National","E92000001","England","Revised","All schools","GCSE","Other Modern Languages","7","4232"
202223,"Academic year","National","E92000001","England","Revised","All schools","GCSE","Other Modern Languages","8","6404"
202223,"Academic year","National","E92000001","England","Revised","All schools","GCSE","Other Modern Languages","9","11566"
202223,"Academic year","National","E92000001","England","Revised","All schools","GCSE","Other Modern Languages","Covid impacted","1645"
202223,"Academic year","National","E92000001","England","Revised","All schools","GCSE","Other Modern Languages","Total exam entries","34327"
202223,"Academic year","National","E92000001","England","Revised","All schools","GCSE","Other Modern Languages","U","672"
202223,"Academic year","National","E92000001","England","Revised","All schools","GCSE","Other Modern Languages","X","203"
202223,"Academic year","National","E92000001","England","Revised","All schools","GCSE","Other Sciences","1","81"
202223,"Academic year","National","E92000001","England","Revised","All schools","GCSE","Other Sciences","2","107"
202223,"Academic year","National","E92000001","England","Revised","All schools","GCSE","Other Sciences","3","179"
202223,"Academic year","National","E92000001","England","Revised","All schools","GCSE","Other Sciences","4","220"
202223,"Academic year","National","E92000001","England","Revised","All schools","GCSE","Other Sciences","5","257"
202223,"Academic year","National","E92000001","England","Revised","All schools","GCSE","Other Sciences","6","309"
202223,"Academic year","National","E92000001","England","Revised","All schools","GCSE","Other Sciences","7","301"
202223,"Academic year","National","E92000001","England","Revised","All schools","GCSE","Other Sciences","8","326"
202223,"Academic year","National","E92000001","England","Revised","All schools","GCSE","Other Sciences","9","383"
202223,"Academic year","National","E92000001","England","Revised","All schools","GCSE","Other Sciences","Covid impacted","4"
202223,"Academic year","National","E92000001","England","Revised","All schools","GCSE","Other Sciences","Total exam entries","2213"
202223,"Academic year","National","E92000001","England","Revised","All schools","GCSE","Other Sciences","U","37"
202223,"Academic year","National","E92000001","England","Revised","All schools","GCSE","Other Sciences","X","9"
202223,"Academic year","National","E92000001","England","Revised","All schools","GCSE","Physical Education","1","1622"
202223,"Academic year","National","E92000001","England","Revised","All schools","GCSE","Physical Education","2","5274"
202223,"Academic year","National","E92000001","England","Revised","All schools","GCSE","Physical Education","3","12819"
202223,"Academic year","National","E92000001","England","Revised","All schools","GCSE","Physical Education","4","10731"
202223,"Academic year","National","E92000001","England","Revised","All schools","GCSE","Physical Education","5","12718"
202223,"Academic year","National","E92000001","England","Revised","All schools","GCSE","Physical Education","6","13170"
202223,"Academic year","National","E92000001","England","Revised","All schools","GCSE","Physical Education","7","8171"
202223,"Academic year","National","E92000001","England","Revised","All schools","GCSE","Physical Education","8","5591"
202223,"Academic year","National","E92000001","England","Revised","All schools","GCSE","Physical Education","9","3474"
202223,"Academic year","National","E92000001","England","Revised","All schools","GCSE","Physical Education","Covid impacted","17"
202223,"Academic year","National","E92000001","England","Revised","All schools","GCSE","Physical Education","Total exam entries","74017"
202223,"Academic year","National","E92000001","England","Revised","All schools","GCSE","Physical Education","U","345"
202223,"Academic year","National","E92000001","England","Revised","All schools","GCSE","Physical Education","X","85"
202223,"Academic year","National","E92000001","England","Revised","All schools","GCSE","Physics","1","820"
202223,"Academic year","National","E92000001","England","Revised","All schools","GCSE","Physics","2","2712"
202223,"Academic year","National","E92000001","England","Revised","All schools","GCSE","Physics","3","11112"
202223,"Academic year","National","E92000001","England","Revised","All schools","GCSE","Physics","4","16968"
202223,"Academic year","National","E92000001","England","Revised","All schools","GCSE","Physics","5","28700"
202223,"Academic year","National","E92000001","England","Revised","All schools","GCSE","Physics","6","33747"
202223,"Academic year","National","E92000001","England","Revised","All schools","GCSE","Physics","7","26420"
202223,"Academic year","National","E92000001","England","Revised","All schools","GCSE","Physics","8","24597"
202223,"Academic year","National","E92000001","England","Revised","All schools","GCSE","Physics","9","22785"
202223,"Academic year","National","E92000001","England","Revised","All schools","GCSE","Physics","Covid impacted","79"
202223,"Academic year","National","E92000001","England","Revised","All schools","GCSE","Physics","Total exam entries","170231"
202223,"Academic year","National","E92000001","England","Revised","All schools","GCSE","Physics","U","1801"
202223,"Academic year","National","E92000001","England","Revised","All schools","GCSE","Physics","X","490"
202223,"Academic year","National","E92000001","England","Revised","All schools","GCSE","Religious Studies","1","9704"
202223,"Academic year","National","E92000001","England","Revised","All schools","GCSE","Religious Studies","2","17639"
202223,"Academic year","National","E92000001","England","Revised","All schools","GCSE","Religious Studies","3","29940"
202223,"Academic year","National","E92000001","England","Revised","All schools","GCSE","Religious Studies","4","24181"
202223,"Academic year","National","E92000001","England","Revised","All schools","GCSE","Religious Studies","5","31214"
202223,"Academic year","National","E92000001","England","Revised","All schools","GCSE","Religious Studies","6","37072"
202223,"Academic year","National","E92000001","England","Revised","All schools","GCSE","Religious Studies","7","27142"
202223,"Academic year","National","E92000001","England","Revised","All schools","GCSE","Religious Studies","8","24210"
202223,"Academic year","National","E92000001","England","Revised","All schools","GCSE","Religious Studies","9","18183"
202223,"Academic year","National","E92000001","England","Revised","All schools","GCSE","Religious Studies","Covid impacted","201"
202223,"Academic year","National","E92000001","England","Revised","All schools","GCSE","Religious Studies","Total exam entries","224464"
202223,"Academic year","National","E92000001","England","Revised","All schools","GCSE","Religious Studies","U","3509"
202223,"Academic year","National","E92000001","England","Revised","All schools","GCSE","Religious Studies","X","1469"
202223,"Academic year","National","E92000001","England","Revised","All schools","GCSE","Social Studies","1","3814"
202223,"Academic year","National","E92000001","England","Revised","All schools","GCSE","Social Studies","2","6542"
202223,"Academic year","National","E92000001","England","Revised","All schools","GCSE","Social Studies","3","10098"
202223,"Academic year","National","E92000001","England","Revised","All schools","GCSE","Social Studies","4","9577"
202223,"Academic year","National","E92000001","England","Revised","All schools","GCSE","Social Studies","5","10853"
202223,"Academic year","National","E92000001","England","Revised","All schools","GCSE","Social Studies","6","10767"
202223,"Academic year","National","E92000001","England","Revised","All schools","GCSE","Social Studies","7","6506"
202223,"Academic year","National","E92000001","England","Revised","All schools","GCSE","Social Studies","8","4740"
202223,"Academic year","National","E92000001","England","Revised","All schools","GCSE","Social Studies","9","2475"
202223,"Academic year","National","E92000001","England","Revised","All schools","GCSE","Social Studies","Covid impacted","118"
202223,"Academic year","National","E92000001","England","Revised","All schools","GCSE","Social Studies","Total exam entries","67433"
202223,"Academic year","National","E92000001","England","Revised","All schools","GCSE","Social Studies","U","1244"
202223,"Academic year","National","E92000001","England","Revised","All schools","GCSE","Social Studies","X","699"
202223,"Academic year","National","E92000001","England","Revised","All schools","GCSE","Spanish","1","3138"
202223,"Academic year","National","E92000001","England","Revised","All schools","GCSE","Spanish","2","8998"
202223,"Academic year","National","E92000001","England","Revised","All schools","GCSE","Spanish","3","21775"
202223,"Academic year","National","E92000001","England","Revised","All schools","GCSE","Spanish","4","17934"
202223,"Academic year","National","E92000001","England","Revised","All schools","GCSE","Spanish","5","21922"
202223,"Academic year","National","E92000001","England","Revised","All schools","GCSE","Spanish","6","11430"
202223,"Academic year","National","E92000001","England","Revised","All schools","GCSE","Spanish","7","13540"
202223,"Academic year","National","E92000001","England","Revised","All schools","GCSE","Spanish","8","9531"
202223,"Academic year","National","E92000001","England","Revised","All schools","GCSE","Spanish","9","7637"
202223,"Academic year","National","E92000001","England","Revised","All schools","GCSE","Spanish","Covid impacted","1088"
202223,"Academic year","National","E92000001","England","Revised","All schools","GCSE","Spanish","Total exam entries","120062"
202223,"Academic year","National","E92000001","England","Revised","All schools","GCSE","Spanish","U","2503"
202223,"Academic year","National","E92000001","England","Revised","All schools","GCSE","Spanish","X","566"
202223,"Academic year","National","E92000001","England","Revised","All schools","GCSE","Statistics","1","1217"
202223,"Academic year","National","E92000001","England","Revised","All schools","GCSE","Statistics","2","1981"
202223,"Academic year","National","E92000001","England","Revised","All schools","GCSE","Statistics","3","3277"
202223,"Academic year","National","E92000001","England","Revised","All schools","GCSE","Statistics","4","4682"
202223,"Academic year","National","E92000001","England","Revised","All schools","GCSE","Statistics","5","4662"
202223,"Academic year","National","E92000001","England","Revised","All schools","GCSE","Statistics","6","3068"
202223,"Academic year","National","E92000001","England","Revised","All schools","GCSE","Statistics","7","2313"
202223,"Academic year","National","E92000001","England","Revised","All schools","GCSE","Statistics","8","1946"
202223,"Academic year","National","E92000001","England","Revised","All schools","GCSE","Statistics","9","1240"
202223,"Academic year","National","E92000001","England","Revised","All schools","GCSE","Statistics","Covid impacted","133"
202223,"Academic year","National","E92000001","England","Revised","All schools","GCSE","Statistics","Total exam entries","25637"
202223,"Academic year","National","E92000001","England","Revised","All schools","GCSE","Statistics","U","580"
202223,"Academic year","National","E92000001","England","Revised","All schools","GCSE","Statistics","X","538"
